{"numFailedTestSuites":0,"numFailedTests":0,"numPassedTestSuites":1,"numPassedTests":4,"numPendingTestSuites":0,"numPendingTests":0,"numRuntimeErrorTestSuites":0,"numTodoTests":0,"numTotalTestSuites":1,"numTotalTests":4,"openHandles":[],"snapshot":{"added":0,"didUpdate":false,"failure":false,"filesAdded":0,"filesRemoved":0,"filesRemovedList":[],"filesUnmatched":0,"filesUpdated":0,"matched":0,"total":0,"unchecked":0,"uncheckedKeysByFile":[],"unmatched":0,"updated":0},"startTime":1665389753394,"success":true,"testResults":[{"assertionResults":[{"ancestorTitles":["Todo Application"],"duration":200,"failureMessages":[],"fullName":"Todo Application Creates a todo and responds with json at /todos POST endpoint","location":null,"status":"passed","title":"Creates a todo and responds with json at /todos POST endpoint"},{"ancestorTitles":["Todo Application"],"duration":82,"failureMessages":[],"fullName":"Todo Application Marks a todo with the given ID as complete","location":null,"status":"passed","title":"Marks a todo with the given ID as complete"},{"ancestorTitles":["Todo Application"],"duration":92,"failureMessages":[],"fullName":"Todo Application Fetches all todos in the database using /todos endpoint","location":null,"status":"passed","title":"Fetches all todos in the database using /todos endpoint"},{"ancestorTitles":["Todo Application"],"duration":92,"failureMessages":[],"fullName":"Todo Application Deletes a todo with the given ID if it exists and sends a boolean response","location":null,"status":"passed","title":"Deletes a todo with the given ID if it exists and sends a boolean response"}],"endTime":1665389756978,"message":"","name":"E:\\AICTE\\WD-201\\L6\\Milestone\\__tests__\\todos.js","startTime":1665389753603,"status":"passed","summary":""}],"wasInterrupted":false}